server_id,name,ip_address,restart_time,status,last_heartbeat
1,Zoolab,180.214.216.212,9730,Offline,2017-03-04 21:00:30
2,Stringtough,13.230.76.120,5538,Offline,2017-07-27 05:33:45
3,Zaam-Dox,16.224.221.226,9271,Online,
4,Alpha,134.46.16.66,,Online,2017-05-06 04:32:22
5,Tres-Zap,45.58.187.129,7486,Online,2017-05-04 23:13:16
6,Mat Lam Tam,25.173.98.190,22783,Online,2017-11-26 21:41:57
7,Tres-Zap,232.157.122.193,,Online,2017-11-21 00:29:08
8,Lotlux,174.145.126.227,5276,Online,2017-09-25 03:12:10
9,Alpha,167.11.72.156,18206,Restarting,2018-01-22 13:07:01
10,Temp,180.182.133.179,21724,Restarting,2017-07-07 14:41:03
11,Wrapsafe,162.80.93.12,23644,Restarting,2017-10-02 08:12:16
12,Bytecard,55.62.36.149,16054,Online,2017-03-15 16:48:22
13,Home Ing,150.139.146.192,13967,Offline,2017-06-02 10:31:32
14,Lotlux,127.9.111.127,21230,Offline,
15,Tampflex,80.150.158.247,11139,Offline,2018-02-05 14:01:06
16,Solarbreeze,197.235.76.164,1052,Online,2017-06-28 19:13:45
17,Flowdesk,249.190.124.206,6470,Online,2018-02-23 06:56:30
18,Tresom,95.185.23.205,10749,Online,2018-01-21 20:48:24
19,Voyatouch,146.155.196.177,10891,Restarting,2017-07-28 18:29:05
20,Tempsoft,217.153.38.243,19054,Online,2017-04-04 21:58:37
21,Tempsoft,134.138.16.189,,Offline,2018-01-18 15:51:56
22,Keylex,197.142.41.159,16820,Restarting,2017-07-25 16:26:05
23,Keylex,65.17.3.219,2946,Offline,
24,Subin,82.1.218.240,12254,Online,2017-10-30 10:54:24
25,Bitchip,252.58.67.218,8428,Online,2017-11-18 04:57:04
26,Rank,158.208.116.178,17090,Online,2017-10-08 12:10:19
27,Zamit,171.228.148.82,1199,Offline,2017-03-17 06:38:32
28,Duobam,80.113.158.237,,Online,2017-03-29 16:12:20
29,Zathin,139.148.185.217,,Online,2017-12-30 13:25:55
30,Flowdesk,253.245.223.198,22415,Offline,2017-03-11 15:33:46
31,Cardify,120.43.3.25,3060,Restarting,2017-05-25 03:07:06
32,Stringtough,99.173.118.11,17693,Restarting,2017-05-21 10:36:31
33,Gembucket,57.92.130.168,21906,Offline,2018-02-01 05:25:40
34,Overhold,140.155.135.70,6224,Offline,2017-06-22 04:31:19
35,Lotlux,192.102.61.122,8777,Online,2018-01-25 05:48:21
36,Overhold,197.108.122.243,,Offline,
37,Transcof,51.17.77.218,2660,Restarting,2017-09-24 11:21:48
38,Bitwolf,117.199.254.224,23232,Offline,2017-12-15 18:29:19
39,Fintone,4.205.24.236,7603,Offline,2018-02-14 16:00:16
40,Veribet,143.159.242.209,11328,Online,
41,Aerified,148.157.108.69,7977,Offline,2017-12-28 05:15:14
42,Rank,16.247.167.69,17333,Restarting,2018-02-20 00:44:15
43,Lotstring,77.109.91.74,15021,Restarting,2017-11-20 08:52:42
44,Span,11.226.163.136,21582,Online,2017-12-23 01:02:28
45,Y-find,22.77.182.15,5838,Restarting,
46,Rank,133.67.85.19,10358,Restarting,2018-02-03 01:48:05
47,Viva,250.78.167.237,,Online,2017-06-29 19:41:37
48,Bamity,126.10.46.97,,Offline,2017-08-07 14:39:59
49,Konklux,197.101.24.105,1761,Restarting,
50,Veribet,249.26.66.64,890,Offline,2017-04-02 14:29:14
51,Stim,42.44.233.53,,Online,2018-01-17 01:19:43
52,Keylex,62.81.9.165,5039,Offline,2017-10-25 12:14:55
53,Cookley,201.77.201.172,167,Offline,2017-12-28 14:17:04
54,Kanlam,136.141.60.66,,Offline,2017-12-15 15:39:34
55,Aerified,208.153.249.70,22005,Offline,2017-06-30 22:34:06
56,Sonair,184.35.156.120,12771,Offline,2017-03-11 09:42:29
57,Hatity,198.27.137.23,3899,Online,2018-01-03 17:24:46
58,Hatity,84.231.178.107,,Offline,
59,Viva,87.134.243.64,,Offline,2017-11-17 05:02:16
60,Ventosanzap,39.250.36.145,19852,Restarting,
61,Y-find,98.184.94.9,22170,Online,2017-03-27 12:23:10
62,Hatity,118.67.215.165,14829,Offline,2017-05-18 01:00:01
63,Fix San,84.239.77.132,20950,Online,2017-09-01 10:41:18
64,Home Ing,59.168.169.105,16371,Online,2017-10-02 13:51:48
65,Tres-Zap,194.169.138.130,6186,Offline,2017-03-22 04:36:16
66,Cardguard,130.21.214.150,,Online,2017-08-22 01:42:45
67,Domainer,36.181.209.118,18788,Online,2017-07-28 12:14:31
68,Stringtough,215.199.77.0,3963,Restarting,2018-02-19 03:33:25
69,Lotstring,74.55.229.71,1661,Offline,2017-08-21 21:56:20
70,Viva,242.184.55.98,21753,Offline,2017-11-26 17:39:27
71,Duobam,231.51.99.32,9574,Offline,2017-06-26 22:53:13
72,Sonsing,139.52.128.7,17820,Restarting,2017-03-02 03:00:04
73,Duobam,134.110.190.54,17449,Online,2017-09-15 02:21:37
74,Prodder,213.22.23.216,4860,Offline,2017-10-04 06:01:56
75,Sub-Ex,61.122.41.178,20542,Restarting,
76,Asoka,94.97.204.78,16036,Restarting,2017-05-13 16:45:39
77,Asoka,85.190.6.80,19757,Online,2017-03-04 02:16:38
78,Regrant,184.73.29.221,,Online,2017-02-28 10:00:40
79,Job,92.102.212.31,1903,Restarting,2017-08-05 01:07:41
80,Gembucket,134.74.160.22,3816,Online,2017-11-17 09:11:46
81,Keylex,88.154.76.232,,Offline,2017-02-24 16:25:14
82,Subin,178.36.98.251,14154,Online,2017-04-24 00:57:10
83,Voltsillam,56.229.80.234,20745,Offline,
84,Zaam-Dox,41.3.174.41,1061,Restarting,
85,Zoolab,135.193.80.17,3431,Restarting,2017-10-14 14:41:19
86,Cookley,40.213.250.146,440,Restarting,2017-07-06 02:13:07
87,Tin,237.231.42.104,7951,Restarting,2017-12-14 07:14:33
88,Fix San,34.52.190.249,3888,Offline,2017-09-28 09:06:59
89,Tempsoft,172.149.215.98,3678,Offline,2017-04-28 01:22:36
90,Viva,3.177.195.31,23990,Offline,
91,Tres-Zap,97.34.233.199,14541,Restarting,2017-06-03 02:12:39
92,Matsoft,157.16.117.88,7909,Restarting,2017-04-03 01:49:17
93,Greenlam,193.85.236.30,19390,Offline,2018-02-03 01:07:10
94,Keylex,161.85.168.116,18397,Restarting,2018-02-19 16:04:13
95,Aerified,252.63.161.15,21610,Offline,2017-06-20 09:56:08
96,Bigtax,131.33.84.233,4907,Online,2018-01-28 00:10:03
97,Quo Lux,235.24.194.50,,Online,2017-04-07 20:31:08
98,Alpha,207.212.156.73,23191,Online,2017-06-26 05:09:34
99,Solarbreeze,88.252.87.188,14976,Restarting,2017-11-08 05:32:12
100,Home Ing,228.25.133.224,15215,Offline,2017-07-22 16:23:38
101,Matsoft,99.135.60.13,12203,Offline,
102,Vagram,89.140.69.249,12151,Restarting,2017-10-21 21:13:08
103,Alphazap,94.112.43.217,9455,Online,
104,Sonsing,226.123.56.60,14390,Offline,2017-03-08 23:20:26
105,Pannier,56.45.19.22,16800,Online,2017-09-22 09:15:46
106,Greenlam,95.120.15.159,16179,Restarting,
107,Prodder,70.153.175.53,14910,Online,2017-09-29 05:58:28
108,Ronstring,81.149.210.161,7940,Online,2017-11-09 06:45:21
109,Fintone,213.131.57.79,14721,Restarting,
110,Konklux,225.165.212.33,,Restarting,2017-06-22 14:34:47
111,Flexidy,169.91.253.157,17394,Online,2017-10-02 17:53:34
112,Domainer,53.63.255.75,,Restarting,2017-07-23 01:39:39
113,Redhold,223.44.111.100,20226,Online,2018-02-16 01:17:59
114,Opela,176.140.123.217,,Restarting,2017-05-20 11:53:29
115,Zoolab,105.91.242.211,,Online,2017-03-03 16:32:37
116,Toughjoyfax,212.190.60.31,12183,Offline,2018-02-02 05:31:50
117,Hatity,154.121.19.141,,Online,2017-03-12 12:42:06
118,Namfix,18.94.61.25,8470,Offline,
119,Y-find,35.223.88.247,9939,Offline,2017-05-19 02:42:59
120,Rank,138.33.7.153,6452,Restarting,2017-07-09 12:38:18
121,Quo Lux,47.103.38.98,115,Offline,
122,Duobam,56.241.6.96,,Restarting,2017-04-09 22:23:04
123,Biodex,227.240.199.193,5148,Offline,2017-08-06 16:26:26
124,Subin,85.87.239.177,1706,Restarting,2018-01-12 21:36:21
125,Ronstring,140.177.39.142,1042,Offline,2017-11-20 15:47:34
126,Trippledex,201.149.190.169,14514,Restarting,2018-01-30 20:47:07
127,Stringtough,70.232.2.197,16092,Online,2018-01-27 12:39:47
128,Ventosanzap,126.82.239.200,9661,Restarting,2017-07-24 20:11:40
129,Stronghold,35.79.141.198,11054,Online,2017-12-16 23:47:42
130,Zaam-Dox,178.241.85.88,20380,Restarting,2018-02-14 14:02:20
131,Regrant,63.179.123.225,10388,Restarting,2018-02-23 04:10:46
132,Zathin,58.132.244.246,16040,Restarting,2017-02-23 07:44:05
133,Wrapsafe,136.3.70.225,,Restarting,2017-03-18 09:31:16
134,Job,46.250.51.237,13349,Offline,2017-04-28 23:52:56
135,Zontrax,44.241.38.47,14763,Restarting,2017-07-31 00:17:51
136,Cardify,195.134.78.227,16161,Offline,2017-09-29 02:11:03
137,Aerified,244.71.126.243,,Restarting,2017-07-20 17:37:52
138,Toughjoyfax,217.61.242.116,9594,Restarting,
139,Namfix,45.206.169.223,21783,Restarting,2017-12-17 01:11:54
140,Flowdesk,16.145.245.75,11511,Restarting,2017-11-15 22:46:05
141,Bamity,179.176.96.11,17420,Restarting,2017-05-18 14:25:56
142,Rank,119.71.208.238,6345,Online,2018-02-15 07:40:22
143,Lotstring,159.86.139.27,7456,Online,
144,Cardify,84.138.18.49,1872,Restarting,2017-06-20 21:46:45
145,Trippledex,114.95.163.115,13101,Offline,
146,Andalax,146.8.66.128,11459,Offline,2017-12-30 00:53:07
147,Konklab,174.103.250.5,9504,Restarting,2017-09-22 05:31:27
148,Viva,32.109.76.184,11820,Online,2017-10-19 01:07:39
149,Fix San,200.113.56.178,6618,Restarting,2017-08-22 08:10:18
150,Hatity,27.132.223.147,7681,Online,
151,It,29.45.120.169,10570,Restarting,
152,Tresom,65.239.88.12,3936,Restarting,2017-11-08 00:03:05
153,Trippledex,125.30.52.173,6470,Online,
154,Bamity,241.151.233.73,18183,Offline,2017-02-15 12:25:42
155,Sonsing,215.209.234.26,3742,Offline,2017-05-27 13:00:12
156,Zoolab,152.189.162.59,18754,Online,
157,Alpha,42.206.64.9,2286,Restarting,
158,Stim,239.238.205.206,10097,Online,2018-01-30 17:23:15
159,Latlux,189.161.12.21,12699,Restarting,2017-02-17 02:50:50
160,Zontrax,90.42.62.168,20841,Restarting,2017-08-21 17:09:30
161,Tin,41.42.214.114,22750,Offline,2017-09-29 04:50:53
162,Zathin,150.133.137.1,833,Restarting,2017-05-02 04:24:24
163,Bitchip,220.83.229.165,12566,Online,2017-05-13 22:04:46
164,Cardify,191.69.95.30,22160,Online,2017-08-08 12:33:11
165,Fintone,68.129.177.37,358,Online,2017-04-18 07:42:41
166,Span,88.179.225.112,7691,Online,2017-04-09 23:45:44
167,Keylex,32.34.164.215,19530,Restarting,2017-02-27 20:44:59
168,Daltfresh,15.123.36.67,14102,Online,2017-11-16 08:57:09
169,Pannier,36.9.79.107,,Restarting,2018-02-02 17:58:12
170,Biodex,46.69.23.162,19495,Restarting,2017-06-20 05:36:56
171,Span,182.78.169.133,,Offline,2017-03-16 15:27:23
172,Stringtough,99.251.35.62,,Restarting,2017-05-05 15:33:14
173,Otcom,169.28.50.138,13848,Online,2017-10-08 06:39:51
174,Mat Lam Tam,233.227.96.241,11260,Restarting,
175,Zontrax,113.166.71.4,6092,Offline,2018-01-05 10:26:40
176,Vagram,178.73.18.206,19732,Online,
177,Cardguard,28.73.201.142,6759,Online,2018-02-23 22:26:23
178,Otcom,122.230.189.0,4401,Online,
179,Otcom,146.156.174.172,2017,Online,2018-01-23 07:29:44
180,Ronstring,131.67.78.50,22172,Online,2018-01-29 21:02:29
181,Sonair,128.155.107.235,8498,Online,2017-08-27 00:32:39
182,Ronstring,140.191.19.34,18652,Online,2017-05-23 22:49:54
183,Bytecard,97.228.95.113,2530,Restarting,2017-03-17 19:40:40
184,Stim,44.252.193.229,,Offline,2017-09-02 09:37:36
185,Tres-Zap,205.52.248.176,17621,Online,2017-10-02 05:46:36
186,Mat Lam Tam,168.58.5.216,9406,Online,
187,Sonair,244.88.253.147,,Online,2017-02-14 19:45:40
188,Hatity,159.218.68.1,17120,Online,2017-04-20 14:10:19
189,Mat Lam Tam,136.124.4.244,588,Offline,2017-04-24 03:10:28
190,Sonsing,124.53.196.191,18949,Online,2017-12-25 17:14:36
191,Daltfresh,242.46.163.173,3054,Restarting,2017-09-19 00:37:43
192,Viva,254.60.236.231,21270,Online,2018-02-15 08:28:22
193,Hatity,138.113.98.58,21924,Offline,2017-08-13 19:01:32
194,Ventosanzap,69.95.204.12,6594,Restarting,2017-08-26 09:27:58
195,Konklab,83.149.8.60,9005,Restarting,2017-07-22 04:20:20
196,Pannier,241.154.91.202,,Online,2017-04-19 04:12:56
197,Sonsing,173.164.56.69,10108,Offline,2017-12-18 19:47:49
198,Biodex,141.103.137.57,2558,Restarting,2017-05-11 06:09:12
199,Bigtax,0.31.54.246,15846,Restarting,2017-04-11 17:55:01
200,Sonair,247.11.248.94,18671,Restarting,2017-11-21 19:05:36
201,Aerified,73.96.167.158,23397,Offline,2017-05-28 01:52:52
202,Viva,166.116.92.216,14759,Online,2017-05-04 07:51:48
203,Treeflex,183.188.46.71,17175,Online,2017-12-06 15:49:14
204,Rank,77.2.121.106,12283,Restarting,
205,Treeflex,175.223.88.184,5697,Offline,2017-03-31 21:48:38
206,Tin,71.254.107.122,11431,Restarting,2017-08-31 01:14:03
207,Alphazap,249.74.40.161,23888,Online,2017-02-23 13:01:51
208,Trippledex,149.255.191.7,21624,Online,2017-09-15 04:47:02
209,Sonsing,231.147.14.208,15744,Offline,2017-05-29 09:25:40
210,Bytecard,111.180.20.83,15284,Restarting,2017-03-19 09:42:22
211,Tin,149.113.176.102,7166,Offline,2017-05-12 21:55:52
212,Sonair,57.141.126.63,23986,Restarting,2018-01-21 14:27:02
213,Ventosanzap,252.75.199.60,19368,Online,2017-12-11 04:27:28
214,Holdlamis,98.84.186.233,22273,Offline,2017-02-22 04:40:58
215,Opela,114.174.25.155,9922,Online,
216,Regrant,45.19.227.225,12945,Online,
217,Redhold,118.230.228.87,5970,Online,2017-06-16 16:08:52
218,Vagram,109.184.111.223,3801,Restarting,
219,Aerified,249.63.21.207,14905,Restarting,2017-08-08 08:12:20
220,Viva,81.132.233.239,9,Online,2017-11-14 10:35:06
221,Job,78.236.39.167,,Online,2017-05-23 00:07:21
222,Stronghold,99.234.87.147,15859,Online,2017-12-05 05:06:17
223,Zontrax,245.107.129.105,10908,Restarting,2017-08-15 18:44:11
224,Tempsoft,3.240.109.69,6101,Offline,2018-02-15 00:08:39
225,Home Ing,118.21.33.216,13666,Online,2017-06-11 14:02:01
226,Stronghold,136.30.183.37,6393,Online,
227,Tampflex,52.100.179.169,7649,Offline,
228,Regrant,149.83.24.243,20694,Online,
229,Matsoft,110.79.9.71,14117,Offline,2017-08-25 22:12:11
230,Stringtough,93.237.78.109,19804,Restarting,
231,Solarbreeze,68.114.211.134,10273,Online,2017-11-18 02:42:05
232,Home Ing,61.204.95.14,,Online,2017-10-08 12:44:41
233,Overhold,24.232.27.124,7251,Restarting,
234,Flowdesk,49.58.59.161,12441,Offline,2017-10-12 11:32:47
235,Fixflex,68.64.42.173,13915,Online,
236,Aerified,87.84.208.201,11479,Offline,2017-11-08 05:24:40
237,Asoka,77.214.159.33,13254,Online,2017-10-25 16:32:50
238,Cookley,70.85.67.187,8936,Offline,2017-07-10 12:47:57
239,Trippledex,194.45.192.212,38,Offline,2018-01-07 16:38:40
240,Sub-Ex,190.3.97.141,,Restarting,2017-11-05 22:56:47
241,Flexidy,80.109.144.82,19269,Online,2017-08-12 21:08:30
242,Ronstring,8.84.14.93,4919,Offline,2017-06-15 16:42:09
243,Wrapsafe,242.172.50.202,2536,Offline,2017-06-19 06:59:51
244,Prodder,67.189.111.244,14859,Online,2017-08-11 21:19:25
245,Sonsing,143.182.64.143,19215,Offline,
246,Flexidy,19.231.23.208,9214,Online,2017-10-22 08:46:49
247,Span,23.41.98.122,2321,Offline,2017-11-30 16:52:06
248,Redhold,228.207.183.7,17953,Offline,2017-04-21 14:20:10
249,Kanlam,20.225.228.192,17451,Online,2017-04-19 15:49:40
250,Regrant,87.158.217.130,1350,Online,2017-06-15 00:00:20
251,Zontrax,225.166.33.81,7402,Offline,2017-05-25 03:31:48
252,Alphazap,251.77.12.209,16882,Restarting,2017-11-23 00:48:00
253,Regrant,68.223.54.181,9081,Online,2018-02-07 16:07:01
254,Tampflex,23.7.160.122,17240,Restarting,2017-10-25 00:08:53
255,Treeflex,75.98.93.251,17686,Online,2017-06-03 00:23:14
256,Sub-Ex,31.232.10.5,4920,Restarting,2018-02-18 14:31:45
257,Aerified,100.3.154.36,72,Online,2017-07-16 04:46:58
258,Greenlam,193.10.178.151,2108,Offline,
259,Zaam-Dox,202.132.10.169,14158,Restarting,
260,Sonsing,50.75.57.146,16840,Restarting,2017-02-19 11:47:55
261,Temp,13.11.93.23,819,Restarting,2017-07-26 09:54:27
262,Sonsing,178.149.198.25,2120,Online,
263,Prodder,80.82.155.9,4389,Restarting,2017-04-23 18:09:32
264,Otcom,171.97.68.4,9458,Restarting,2017-10-04 11:36:09
265,Flexidy,53.206.192.86,,Offline,2017-07-11 03:39:08
266,Prodder,181.207.16.133,13318,Offline,2017-10-10 19:45:11
267,Sonair,77.160.100.191,16796,Offline,
268,Tres-Zap,157.46.54.189,10976,Restarting,2017-11-12 14:27:25
269,Ventosanzap,170.83.244.104,5163,Restarting,2017-11-22 09:17:12
270,Domainer,46.49.21.68,5348,Restarting,2017-07-30 12:23:16
271,Sub-Ex,157.107.194.62,5229,Online,2017-05-11 00:18:19
272,Mat Lam Tam,159.201.140.6,23048,Restarting,2017-12-28 13:09:22
273,Bytecard,48.235.214.73,6801,Restarting,2017-08-28 23:04:45
274,Treeflex,151.52.114.10,17372,Restarting,2018-02-08 11:50:43
275,Fix San,161.243.218.210,6704,Offline,2017-06-16 18:56:03
276,Y-Solowarm,126.120.234.59,17591,Online,2018-01-25 06:48:04
277,Daltfresh,208.146.233.58,22228,Restarting,2017-10-19 15:41:38
278,Mat Lam Tam,229.100.127.111,12597,Online,2017-07-24 21:39:51
279,Fintone,53.54.103.154,32,Restarting,2017-12-09 02:11:05
280,Zaam-Dox,42.110.144.197,5971,Restarting,2017-04-28 22:11:02
281,Toughjoyfax,51.157.56.222,2510,Offline,2017-08-21 03:29:46
282,Regrant,119.208.193.95,23423,Offline,2017-09-11 22:59:47
283,Andalax,113.11.127.15,20678,Offline,2017-03-27 10:40:40
284,Bytecard,143.233.41.139,6756,Online,2017-11-11 19:35:12
285,Daltfresh,249.35.119.194,2924,Offline,2017-10-21 04:57:53
286,Fix San,73.195.45.78,11222,Offline,2017-03-17 12:51:24
287,Sub-Ex,97.53.172.183,5226,Online,2017-08-12 08:37:22
288,Bitwolf,241.193.222.127,5187,Restarting,
289,Cookley,19.114.16.232,19883,Online,2018-01-13 13:20:26
290,Solarbreeze,198.44.242.80,,Online,2017-07-08 11:39:18
291,Kanlam,127.231.116.203,14763,Restarting,2017-04-29 20:37:20
292,Daltfresh,81.92.102.221,13457,Restarting,2017-02-23 21:31:24
293,Cardguard,254.222.101.206,21381,Offline,2017-11-16 18:47:03
294,Overhold,161.20.139.26,14469,Restarting,
295,Fixflex,151.16.61.254,16955,Restarting,2017-04-22 09:58:08
296,Opela,249.233.170.152,,Offline,2017-09-23 20:33:01
297,Treeflex,144.20.56.195,6,Offline,2017-05-05 23:00:08
298,Voyatouch,187.85.118.201,,Online,2017-03-03 17:19:51
299,Konklab,248.74.108.252,9960,Online,2017-08-20 11:58:03
300,Transcof,125.253.209.74,2088,Restarting,2017-09-27 02:38:36
301,Namfix,199.255.24.180,21577,Online,2018-02-26 13:07:15
302,Biodex,114.44.112.83,7634,Online,2017-07-04 17:37:20
303,Bitchip,199.130.17.5,10812,Offline,2017-10-05 18:19:35
304,Zaam-Dox,117.0.165.236,9431,Restarting,2017-02-17 15:54:34
305,Rank,215.151.20.155,15571,Restarting,2017-07-14 04:48:04
306,Duobam,50.11.150.136,,Offline,2018-02-26 09:14:08
307,Regrant,29.7.93.129,9131,Online,2017-06-06 01:21:37
308,Y-find,188.121.4.167,8615,Online,2017-08-18 23:20:23
309,Tresom,63.3.181.110,23160,Offline,2017-06-21 16:44:02
310,Overhold,51.21.199.201,4919,Offline,2017-03-13 13:37:02
311,Span,216.77.89.158,9199,Offline,2018-02-22 17:29:30
312,Opela,91.86.70.50,3438,Online,2018-02-05 18:56:21
313,Fix San,215.14.5.101,7089,Restarting,2017-07-17 00:56:32
314,Bytecard,236.32.117.222,16408,Restarting,
315,Tresom,192.109.234.28,9172,Online,2017-12-30 00:47:13
316,Alpha,98.62.51.203,5828,Restarting,2018-02-22 10:39:26
317,Veribet,152.180.62.187,9472,Offline,2017-10-30 22:44:32
318,Solarbreeze,127.56.26.19,8112,Online,
319,Bitwolf,8.168.113.31,12949,Online,2017-10-14 22:05:51
320,Tres-Zap,229.217.119.210,12402,Restarting,
321,Hatity,117.154.23.162,204,Offline,
322,Home Ing,227.194.96.146,10954,Restarting,2017-08-29 16:14:52
323,Stringtough,61.153.221.50,3899,Online,2017-10-21 21:40:42
324,Stringtough,155.171.162.157,1038,Online,2018-01-26 10:52:30
325,Stim,52.139.51.131,2262,Offline,2017-12-30 14:36:03
326,Voltsillam,105.13.112.147,1845,Restarting,2017-09-01 18:03:58
327,Gembucket,25.20.232.185,23639,Offline,
328,Zoolab,142.66.193.49,185,Restarting,2017-11-01 06:11:36
329,Zamit,15.5.39.95,3387,Restarting,2017-12-15 02:56:31
330,Andalax,166.67.37.105,13321,Offline,2017-05-12 02:44:47
331,Cookley,210.186.25.67,21001,Online,2017-12-04 14:09:16
332,Lotlux,42.72.226.226,21970,Offline,2018-02-08 02:29:16
333,Konklab,249.139.8.4,3026,Online,2017-03-21 20:18:20
334,Kanlam,231.194.90.17,3065,Offline,2017-05-28 07:37:15
335,Konklux,211.105.158.250,19283,Restarting,2017-04-03 17:05:53
336,Fixflex,112.185.52.245,11933,Restarting,2017-04-21 13:04:33
337,Prodder,115.167.50.125,14515,Online,2017-02-15 21:04:22
338,Solarbreeze,50.11.136.112,8340,Online,2017-03-25 01:05:32
339,Cookley,218.131.179.219,12534,Restarting,2017-04-09 12:34:11
340,Keylex,208.248.52.18,7424,Offline,2017-10-01 09:02:39
341,Voyatouch,231.74.187.122,5857,Offline,2017-05-25 21:55:02
342,Cardify,99.169.27.207,12529,Online,2018-01-22 01:29:11
343,Konklab,143.105.116.249,5823,Restarting,2018-02-26 07:04:27
344,Voyatouch,235.193.44.44,12926,Offline,2017-03-26 08:54:13
345,Otcom,153.26.100.9,11143,Offline,2017-10-19 19:30:35
346,Sonsing,222.66.46.4,17471,Offline,2017-09-05 12:26:24
347,Pannier,83.152.110.162,13708,Online,2018-01-26 01:20:08
348,Toughjoyfax,193.139.56.55,21859,Online,2017-08-17 07:51:11
349,Tresom,193.222.43.154,13635,Offline,2017-04-09 19:35:44
350,Quo Lux,132.244.121.192,14941,Restarting,
351,Asoka,22.131.86.220,14939,Online,2018-01-21 12:08:47
352,Sonsing,216.233.92.202,9802,Online,2017-08-05 16:24:50
353,Bytecard,149.231.48.114,4539,Offline,2018-02-18 10:01:18
354,Veribet,23.149.1.249,22590,Online,2017-12-14 04:25:38
355,Cardify,137.180.167.143,6565,Offline,2018-01-06 10:33:16
356,Lotlux,204.125.89.201,23436,Restarting,2017-06-13 14:43:39
357,Cookley,9.204.40.102,,Restarting,
358,Fix San,82.185.193.214,10864,Restarting,2017-09-09 00:44:57
359,Quo Lux,53.95.199.18,,Online,2017-03-31 13:04:39
360,Duobam,35.207.92.78,9873,Offline,2018-02-26 13:36:18
361,Trippledex,14.223.112.193,23981,Restarting,2017-12-22 00:33:11
362,Y-find,127.13.77.174,8169,Restarting,2017-02-15 19:52:38
363,Bitchip,226.127.198.18,9065,Offline,2017-02-25 02:57:15
364,Ventosanzap,237.85.13.92,15930,Restarting,2017-11-29 09:31:56
365,Voyatouch,196.134.243.93,13671,Offline,2018-02-09 14:38:14
366,Tres-Zap,187.123.118.145,18881,Online,2018-02-05 02:44:41
367,Cookley,43.111.146.5,12705,Online,2017-08-17 18:06:55
368,Greenlam,65.111.197.202,8164,Restarting,2017-08-09 13:49:39
369,Hatity,149.37.227.213,16052,Restarting,2017-02-25 07:50:59
370,Overhold,234.250.79.200,23357,Restarting,
371,Vagram,250.144.1.22,21316,Offline,2017-12-19 14:46:30
372,Holdlamis,125.209.92.123,15269,Offline,2017-08-22 20:43:32
373,Toughjoyfax,168.140.81.60,7569,Online,2017-04-29 17:38:52
374,Lotlux,219.170.38.89,7714,Offline,2018-01-14 13:36:20
375,Overhold,57.206.64.159,21444,Restarting,2017-08-25 08:25:31
376,Job,78.59.157.52,16065,Restarting,2017-08-13 10:07:06
377,Viva,24.65.1.198,18770,Offline,
378,Voyatouch,34.204.234.167,20977,Restarting,2018-02-23 00:26:39
379,Gembucket,38.13.161.37,4675,Online,2017-03-15 11:43:04
380,Fintone,254.94.175.197,20605,Online,2017-02-19 15:25:27
381,Latlux,186.158.45.94,256,Restarting,2017-11-30 18:50:20
382,Treeflex,22.0.125.111,19998,Online,2017-09-08 09:36:57
383,Overhold,97.226.75.101,2672,Offline,2017-09-15 08:19:33
384,Cardify,120.162.227.220,20234,Offline,2017-11-17 09:07:27
385,Stringtough,185.183.77.113,17747,Restarting,
386,Stringtough,61.92.231.98,4356,Restarting,
387,Transcof,186.63.87.21,7353,Restarting,2017-08-28 09:49:12
388,Zamit,239.0.85.104,12544,Offline,2017-12-26 19:56:07
389,Kanlam,239.147.140.126,21532,Offline,2017-08-06 21:55:39
390,Zaam-Dox,84.30.144.41,23534,Offline,2017-11-27 12:37:59
391,Gembucket,95.185.137.86,13753,Online,2017-03-12 19:00:57
392,Tresom,8.104.155.16,7476,Offline,2018-02-16 16:09:04
393,Voltsillam,252.170.109.124,3019,Offline,2017-09-25 15:34:57
394,Rank,79.97.80.251,13832,Restarting,2017-07-12 23:20:02
395,Span,160.246.55.159,18915,Offline,2017-06-04 20:07:52
396,Zontrax,159.154.147.19,9739,Online,
397,Cookley,87.101.155.31,15394,Restarting,2017-12-08 19:46:14
398,Konklux,132.89.79.157,19730,Restarting,2018-01-26 04:13:14
399,Flowdesk,220.198.18.144,,Restarting,
400,Toughjoyfax,4.176.211.2,,Restarting,2017-07-11 17:25:17
401,Job,65.9.85.162,,Online,2017-07-25 04:06:32
402,Y-Solowarm,213.7.39.17,9618,Restarting,
403,Duobam,189.71.54.75,8570,Offline,2018-01-16 17:13:54
404,Andalax,143.18.74.252,,Restarting,2017-12-23 20:41:40
405,Greenlam,69.20.214.116,17141,Online,2017-10-04 23:43:42
406,Tresom,183.76.93.75,1946,Offline,2018-01-12 11:38:53
407,Redhold,91.211.127.204,15990,Restarting,2017-08-13 04:36:16
408,Tres-Zap,146.198.99.25,21719,Offline,2017-10-28 15:54:03
409,Zontrax,54.82.102.43,1657,Online,2017-05-04 05:44:00
410,Temp,62.212.162.58,20323,Restarting,2017-11-13 06:29:24
411,Opela,13.115.181.23,171,Restarting,2017-12-04 23:11:13
412,Toughjoyfax,8.5.142.115,5270,Online,2017-03-06 12:09:55
413,Zaam-Dox,54.132.173.156,12949,Offline,2018-01-12 11:39:12
414,Bamity,121.111.50.189,17960,Offline,2017-12-20 15:58:10
415,Andalax,140.61.55.79,6864,Offline,2017-02-22 14:23:04
416,Daltfresh,79.8.45.188,16113,Restarting,2017-09-21 02:18:57
417,Alpha,14.231.156.213,,Restarting,2017-04-05 04:46:33
418,Zontrax,79.46.238.206,11099,Restarting,2017-09-24 11:46:18
419,Zontrax,92.123.67.205,8370,Online,2017-08-28 21:04:54
420,Namfix,85.205.169.71,12227,Restarting,
421,Temp,51.50.223.143,21732,Offline,2017-06-20 19:37:58
422,Stronghold,4.137.22.100,5762,Offline,2017-11-20 15:21:36
423,Greenlam,40.56.54.67,19496,Offline,2017-07-28 14:23:21
424,Biodex,143.69.39.182,12985,Restarting,
425,Zamit,243.125.121.53,,Offline,2017-04-06 02:23:06
426,Fixflex,232.64.174.156,7945,Restarting,2017-03-28 06:57:13
427,Vagram,73.91.199.251,14085,Online,2017-10-18 16:14:49
428,Andalax,205.252.52.251,17435,Restarting,2017-10-28 20:32:20
429,Y-Solowarm,2.14.71.206,22604,Online,2018-02-14 10:36:10
430,Hatity,148.4.121.156,23068,Online,2018-02-26 19:54:26
431,It,171.105.107.48,1561,Restarting,2017-07-14 03:34:16
432,Asoka,154.47.39.50,13816,Offline,2017-12-31 00:28:37
433,Treeflex,26.18.138.44,5373,Offline,
434,Tres-Zap,164.49.7.123,6750,Restarting,2017-07-11 02:43:10
435,Fintone,92.215.223.124,20922,Online,2017-09-10 21:41:41
436,Y-Solowarm,251.8.202.173,13065,Offline,2017-06-19 06:03:24
437,Otcom,94.108.91.180,22949,Online,2017-08-12 04:05:08
438,Zaam-Dox,185.179.97.17,23968,Offline,
439,Greenlam,59.35.109.44,21023,Online,2018-01-18 08:54:51
440,Pannier,224.74.125.54,19833,Online,
441,Fintone,212.209.74.193,13672,Online,2017-06-27 00:02:47
442,Zontrax,1.6.5.33,3147,Restarting,2017-04-08 21:55:26
443,Fintone,217.186.239.164,9537,Online,2017-08-24 01:48:07
444,Pannier,66.66.108.2,19910,Restarting,
445,Voyatouch,14.208.49.185,2398,Offline,2017-06-02 23:34:42
446,Bytecard,62.231.254.0,890,Offline,2017-12-17 06:35:09
447,Latlux,205.89.253.62,6498,Offline,
448,Redhold,246.51.234.27,23174,Restarting,2017-11-05 00:00:34
449,Subin,248.193.173.46,,Online,2017-12-14 16:48:39
450,Viva,238.203.255.4,,Online,2017-11-25 19:42:28
451,Tresom,210.3.24.254,16580,Online,2017-04-24 06:25:31
452,Greenlam,99.102.123.167,,Offline,2017-06-11 07:46:03
453,Cardify,100.145.243.151,4937,Offline,
454,Biodex,13.58.250.170,4833,Offline,2017-05-21 01:05:44
455,Temp,45.37.217.153,21893,Restarting,2017-05-10 21:35:15
456,It,79.90.168.52,9242,Offline,2018-01-13 21:01:30
457,Tresom,202.7.97.2,,Online,2017-08-29 19:12:12
458,Wrapsafe,143.246.144.251,7700,Restarting,2017-02-25 01:28:50
459,Trippledex,41.147.34.116,6930,Restarting,2017-07-31 13:50:59
460,Gembucket,233.22.220.72,20555,Restarting,2017-06-20 17:48:58
461,Ventosanzap,81.249.88.179,8623,Online,2018-01-04 10:42:16
462,Temp,66.81.77.147,21842,Online,2017-05-20 20:39:50
463,Gembucket,34.208.96.50,123,Online,2017-02-26 10:36:09
464,Zontrax,211.104.198.91,20615,Restarting,2017-07-26 19:08:24
465,Mat Lam Tam,21.34.97.3,12845,Offline,
466,Otcom,194.51.147.96,11245,Offline,2018-01-17 12:19:22
467,Tin,15.231.95.246,18509,Offline,
468,Ronstring,145.50.227.186,22165,Restarting,2017-09-18 12:52:51
469,Namfix,32.253.126.227,5792,Offline,2017-08-07 21:31:06
470,Andalax,59.195.93.51,16592,Offline,2017-04-16 23:45:23
471,Zathin,142.61.95.220,20001,Online,2017-08-11 23:59:59
472,Home Ing,121.218.236.222,,Restarting,2017-08-13 10:00:06
473,Cookley,59.143.182.125,22686,Offline,2018-01-18 23:15:26
474,Latlux,133.131.160.245,3468,Restarting,2017-10-15 03:30:29
475,Quo Lux,251.90.244.170,,Online,2017-11-30 23:48:52
476,Tempsoft,217.245.218.53,12582,Offline,2017-04-19 16:49:15
477,Voltsillam,233.58.140.253,2991,Online,
478,Daltfresh,184.107.166.35,9804,Online,2017-08-18 15:50:04
479,Tempsoft,48.239.16.29,5276,Online,2017-03-14 11:51:58
480,Fixflex,38.205.154.144,,Offline,2017-06-18 12:18:37
481,Konklux,153.149.126.29,14164,Online,2017-04-12 22:55:20
482,Trippledex,49.226.156.180,21094,Online,2018-02-12 09:01:49
483,Bitchip,0.22.195.55,10954,Restarting,2017-06-24 00:14:38
484,Zontrax,221.181.158.59,12426,Restarting,2017-06-19 08:08:17
485,Home Ing,161.110.32.91,8478,Restarting,2017-10-29 22:08:52
486,Voyatouch,233.159.13.229,20158,Offline,
487,Keylex,218.239.224.86,,Online,2017-07-18 10:23:58
488,Andalax,91.252.71.42,1156,Online,2017-10-06 18:33:36
489,Solarbreeze,13.109.175.182,21354,Online,
490,Konklab,251.77.10.59,3084,Online,2018-02-21 01:32:23
491,Opela,237.116.87.246,,Restarting,
492,Fintone,82.189.205.89,2337,Online,
493,Zontrax,213.157.95.38,19828,Offline,2017-08-28 21:56:21
494,Zamit,96.116.95.6,20507,Offline,2017-03-17 05:03:51
495,Sub-Ex,74.71.151.212,11442,Offline,2017-05-24 19:05:27
496,Holdlamis,44.98.163.165,18500,Offline,2017-11-01 21:01:51
497,Konklab,206.143.99.130,16368,Offline,2017-12-23 15:50:39
498,Matsoft,71.14.156.7,7971,Offline,2018-01-12 13:45:44
499,Ronstring,225.223.18.85,4336,Restarting,2017-11-19 21:14:06
500,Fixflex,109.73.195.152,11445,Offline,
501,Home Ing,215.149.244.141,1063,Restarting,2017-03-07 09:54:36
502,Fix San,81.85.59.107,19761,Online,
503,Rank,198.200.67.84,,Online,2017-07-20 10:28:30
504,Sonair,224.247.68.17,13810,Online,2017-10-05 23:08:34
505,Asoka,150.227.190.216,264,Online,2018-01-17 23:47:48
506,Fix San,129.110.200.240,617,Online,2017-04-19 05:21:25
507,Zontrax,181.235.129.219,22732,Restarting,2017-06-01 11:22:47
508,Prodder,68.102.164.129,7405,Online,2018-01-09 02:39:22
509,Konklux,31.217.197.4,,Online,2017-07-30 13:17:27
510,Wrapsafe,221.56.173.8,7152,Offline,2018-01-28 08:07:23
511,Keylex,238.173.202.230,12926,Offline,2018-01-05 12:26:07
512,Zamit,171.49.21.10,22884,Offline,2017-10-05 21:33:21
513,Zoolab,203.233.76.31,1562,Restarting,2017-10-16 18:23:19
514,Bitwolf,108.58.111.212,12767,Online,2018-01-15 05:19:34
515,Tempsoft,168.238.243.125,9035,Online,2017-07-11 05:04:00
516,Keylex,182.53.181.250,11120,Online,
517,Opela,164.255.43.92,9358,Online,2017-07-03 02:02:59
518,Voltsillam,250.82.87.115,8946,Online,2017-07-19 08:21:21
519,Voyatouch,47.17.137.218,6737,Online,2017-07-26 16:31:54
520,Transcof,60.117.97.133,475,Offline,2017-04-02 00:08:04
521,Stringtough,16.171.215.79,23445,Online,2017-03-14 04:42:17
522,Prodder,107.41.77.147,22208,Online,
523,Zontrax,219.244.145.34,21059,Restarting,2017-05-21 09:51:40
524,Temp,11.28.45.196,,Online,2017-07-12 11:01:27
525,Prodder,222.143.111.103,18179,Offline,2017-09-17 11:45:36
526,Vagram,84.12.46.247,20308,Offline,2017-04-12 22:25:05
527,Voyatouch,102.81.194.27,22856,Restarting,
528,Cookley,250.185.54.201,11878,Online,2017-11-10 07:34:16
529,Namfix,232.120.31.50,339,Offline,2017-03-28 13:45:09
530,Holdlamis,43.124.31.169,20492,Offline,2017-10-29 02:40:53
531,Zontrax,140.0.70.101,7663,Online,2017-10-28 07:53:08
532,Home Ing,255.137.128.72,6155,Online,2017-05-05 13:35:48
533,Matsoft,164.114.45.156,19870,Online,
534,Matsoft,173.178.28.228,17664,Restarting,2017-04-18 09:18:16
535,Rank,151.49.35.21,12301,Online,
536,Y-find,241.3.44.140,6191,Online,2017-09-02 11:31:23
537,Viva,35.192.146.190,,Offline,
538,Toughjoyfax,228.254.246.121,12773,Online,2018-02-13 06:08:09
539,Veribet,151.69.215.195,5077,Online,
540,Andalax,97.140.250.225,,Online,2017-10-03 11:23:34
541,Cardify,253.132.197.23,8223,Offline,2017-09-15 19:27:42
542,Cardguard,17.111.177.93,16715,Restarting,2017-12-18 20:13:03
543,Kanlam,190.107.237.42,5537,Restarting,2017-03-25 17:41:31
544,Zamit,115.32.233.86,6802,Offline,2017-05-06 10:21:55
545,Tempsoft,55.200.31.166,18603,Online,2018-02-10 08:46:58
546,Veribet,246.156.176.76,5752,Online,
547,Veribet,45.184.225.208,22276,Offline,2017-09-16 01:16:15
548,Tres-Zap,130.15.173.243,365,Online,2017-09-29 17:47:50
549,Fixflex,147.113.12.142,15577,Restarting,2017-12-08 17:04:25
550,Quo Lux,142.120.126.150,16802,Online,
551,Pannier,105.49.230.74,20095,Offline,2017-06-07 20:00:50
552,Konklab,90.146.128.190,20764,Offline,2018-01-18 16:02:45
553,Y-Solowarm,30.131.245.204,13327,Restarting,2018-01-22 08:53:54
554,Asoka,189.152.198.5,13499,Online,2017-11-08 21:32:18
555,Otcom,126.223.32.41,5731,Restarting,2017-06-20 02:34:30
556,Mat Lam Tam,67.95.96.68,4621,Offline,2017-11-20 05:19:34
557,Tres-Zap,74.50.124.109,22070,Offline,2018-02-15 22:43:06
558,Sonair,255.231.241.16,5668,Restarting,
559,Lotstring,47.66.172.150,3143,Online,2017-10-06 15:15:52
560,Lotstring,69.207.80.48,17152,Restarting,2017-12-24 00:37:55
561,Biodex,14.93.63.111,18551,Offline,2017-06-13 02:42:57
562,Flexidy,121.90.117.163,,Restarting,
563,Tampflex,214.100.115.236,23021,Restarting,2017-08-02 22:11:17
564,Bytecard,159.126.189.110,13238,Restarting,
565,Otcom,173.140.111.150,21860,Online,2017-04-11 13:22:38
566,Lotstring,233.208.24.227,13845,Restarting,2017-03-28 03:06:49
567,Greenlam,17.176.183.38,,Restarting,2017-04-22 09:45:55
568,Sonair,110.131.186.191,22645,Restarting,2017-11-09 00:23:22
569,Zamit,68.19.86.151,16668,Online,2017-02-17 10:43:59
570,Zaam-Dox,201.190.70.92,4662,Restarting,
571,Treeflex,78.166.98.209,16703,Restarting,2017-03-16 22:03:52
572,Wrapsafe,145.246.108.110,,Restarting,2017-08-15 01:48:38
573,Stim,138.255.6.71,5546,Online,2017-10-16 10:25:50
574,Hatity,230.230.165.248,11931,Online,2017-03-21 12:45:36
575,Bitchip,82.188.163.12,292,Offline,
576,Pannier,92.158.195.27,,Restarting,2017-08-15 20:48:47
577,Prodder,3.14.53.212,3416,Online,2017-09-22 14:00:10
578,Andalax,52.83.224.236,7709,Online,2017-12-09 15:16:22
579,Ventosanzap,26.86.217.100,21690,Restarting,2017-11-14 05:55:27
580,Quo Lux,16.185.205.209,21280,Online,
581,Alphazap,160.173.134.44,6188,Restarting,2017-06-24 06:38:18
582,Cardguard,114.10.127.117,,Offline,2017-05-14 11:43:06
583,Span,164.35.80.247,5824,Restarting,2017-11-17 12:15:19
584,Voyatouch,38.203.128.6,4703,Online,2017-10-13 22:17:05
585,Regrant,34.131.217.32,18822,Restarting,2017-10-16 18:36:22
586,Sub-Ex,74.21.139.248,9324,Offline,2017-12-18 23:17:11
587,Alpha,5.89.5.242,,Restarting,
588,Andalax,64.183.143.10,12201,Offline,2017-08-24 16:45:21
589,Domainer,193.51.215.16,13190,Offline,
590,Zontrax,108.6.145.137,,Online,2017-08-25 02:36:06
591,Cardify,210.94.80.98,16447,Restarting,2017-05-23 06:31:39
592,Mat Lam Tam,136.138.94.179,9699,Restarting,2018-01-11 17:31:50
593,Job,234.230.35.46,6388,Offline,2017-04-22 00:23:47
594,Y-Solowarm,25.25.167.231,12124,Restarting,2017-03-20 14:59:21
595,Treeflex,53.134.222.160,17494,Online,2017-08-03 19:57:49
596,Regrant,243.53.140.85,17997,Offline,2017-04-05 11:43:34
597,Fixflex,250.154.58.139,,Online,
598,Mat Lam Tam,185.248.76.224,11310,Restarting,2017-08-23 03:21:24
599,Home Ing,173.247.139.170,22319,Offline,2017-06-13 19:40:24
600,Solarbreeze,9.21.87.62,3124,Online,2017-10-22 13:39:39
601,Overhold,229.58.128.81,10845,Restarting,2018-01-14 23:02:14
602,Sonair,228.221.61.127,3532,Restarting,2017-04-28 18:30:20
603,Overhold,240.206.154.195,606,Restarting,
604,Biodex,87.128.68.59,10789,Online,2017-07-26 01:51:06
605,Span,172.16.251.158,11661,Restarting,2017-08-23 13:19:37
606,Namfix,100.28.166.47,19481,Online,2018-01-21 20:06:22
607,Konklux,254.234.28.80,8479,Restarting,2017-08-09 12:29:55
608,Alphazap,237.214.71.237,18353,Offline,2017-05-18 05:16:58
609,Lotstring,170.123.97.179,17934,Offline,2017-05-01 09:28:32
610,Subin,188.130.213.60,8212,Online,2017-03-06 13:34:26
611,Bitchip,177.73.120.50,13860,Restarting,2017-03-18 06:41:39
612,Stringtough,186.160.211.148,8026,Offline,2017-08-11 06:10:34
613,Kanlam,69.26.147.77,13705,Offline,2017-03-05 10:40:15
614,Bamity,124.19.15.165,1365,Restarting,2017-03-21 23:38:53
615,Zamit,244.84.153.217,17269,Online,2017-11-27 05:31:43
616,Biodex,37.20.139.232,17611,Online,2017-03-15 09:15:06
617,Bigtax,242.143.2.22,1683,Restarting,2017-03-30 08:07:29
618,Cookley,195.108.154.200,6112,Online,2017-09-04 00:58:44
619,Tres-Zap,75.187.74.223,7493,Restarting,2017-06-01 23:21:13
620,Holdlamis,82.163.71.162,23591,Online,2018-01-22 02:16:35
621,Stronghold,58.122.84.19,,Offline,2018-02-19 10:27:39
622,Stringtough,11.101.232.189,,Restarting,2017-06-11 08:58:37
623,Toughjoyfax,118.55.246.249,6906,Restarting,2017-03-07 09:00:16
624,Subin,229.170.112.88,,Restarting,2017-06-25 08:14:18
625,Vagram,113.220.138.146,,Online,2018-01-08 18:24:01
626,Overhold,160.101.59.165,16059,Online,2017-06-10 07:53:42
627,Greenlam,161.235.41.5,19957,Restarting,2017-08-08 15:02:13
628,Gembucket,221.214.156.114,1076,Online,2017-11-19 11:48:59
629,Namfix,147.79.66.130,9456,Restarting,2018-02-23 10:55:25
630,Konklux,48.97.116.220,8259,Online,2018-01-12 20:58:09
631,Home Ing,182.150.201.187,15221,Online,2017-10-07 17:31:25
632,Daltfresh,89.189.153.98,,Online,2017-05-12 21:17:45
633,Tresom,137.116.80.16,23305,Offline,2017-12-02 03:10:33
634,Domainer,23.74.137.45,1706,Online,2018-01-30 12:42:37
635,Zathin,103.129.222.207,8479,Restarting,2017-08-29 07:37:59
636,Cardguard,13.112.24.154,5029,Restarting,2017-08-30 02:40:56
637,Y-Solowarm,255.137.69.92,13546,Online,2017-06-06 05:04:03
638,Redhold,250.178.2.82,16527,Restarting,2017-02-20 22:52:15
639,Subin,123.218.116.113,21902,Offline,
640,Daltfresh,225.189.235.97,16080,Restarting,2018-02-09 12:16:19
641,Bigtax,121.167.247.37,,Restarting,2017-06-04 03:47:48
642,Solarbreeze,236.255.202.170,6445,Online,2017-07-04 14:53:54
643,Ronstring,249.131.139.69,4494,Offline,2017-09-14 14:02:03
644,Alphazap,181.182.115.77,15839,Offline,2017-10-15 03:37:52
645,Prodder,88.186.11.191,9538,Offline,
646,Alphazap,163.238.168.45,9485,Offline,2017-06-23 08:58:22
647,Tin,201.194.252.113,21554,Online,2017-05-06 10:44:22
648,Konklux,247.198.236.151,10099,Offline,2017-12-09 00:12:26
649,Veribet,29.146.88.28,15590,Offline,2017-06-06 15:03:45
650,Zathin,26.216.76.180,19407,Online,2017-08-07 14:16:45
651,Opela,254.99.38.181,17090,Offline,2017-10-03 11:36:00
652,Zontrax,87.255.240.239,10314,Online,2017-09-01 03:18:58
653,Tresom,248.38.72.207,11583,Restarting,
654,Alphazap,190.207.38.89,1956,Restarting,2017-09-02 04:03:55
655,Latlux,192.42.56.156,21290,Offline,2017-11-07 01:54:14
656,Regrant,121.6.238.86,12423,Restarting,
657,Viva,244.167.249.34,7871,Restarting,2018-01-19 14:20:50
658,Veribet,88.119.120.203,5483,Restarting,2017-03-07 04:33:53
659,Transcof,194.183.227.109,12751,Offline,2017-12-21 05:03:11
660,Tampflex,245.206.75.59,4363,Online,2017-09-25 23:57:32
661,Kanlam,174.79.63.23,6512,Online,2018-02-16 07:43:25
662,Biodex,16.67.24.75,,Offline,2017-06-30 13:44:10
663,Tres-Zap,206.22.136.47,23526,Online,2017-11-13 03:41:39
664,Sub-Ex,147.80.99.0,3087,Online,2018-02-22 07:10:29
665,Andalax,47.187.218.163,1981,Online,2017-05-12 09:40:21
666,Otcom,180.173.170.206,5846,Online,2017-10-17 03:00:29
667,Redhold,252.236.245.230,23431,Online,2017-04-17 03:34:18
668,Fintone,127.218.249.187,18880,Offline,2017-09-07 01:54:45
669,Lotlux,236.113.26.232,14010,Restarting,2017-03-23 09:03:11
670,Bigtax,41.142.232.253,1787,Offline,
671,Cookley,99.126.60.125,18487,Restarting,2017-09-20 07:28:42
672,Overhold,191.41.189.212,14802,Offline,2017-12-23 04:30:39
673,Lotstring,154.4.131.140,11276,Restarting,
674,Greenlam,61.244.137.101,8685,Restarting,
675,Sonair,182.221.3.69,21632,Restarting,2017-08-26 19:51:10
676,Zamit,224.60.252.153,9343,Restarting,2017-03-22 06:45:17
677,Stim,205.43.181.219,5289,Restarting,2017-04-01 00:04:22
678,Asoka,24.168.119.37,16797,Restarting,2017-08-01 23:43:55
679,Trippledex,199.21.228.78,,Restarting,2017-11-01 03:29:36
680,Veribet,122.117.155.39,570,Online,2017-07-16 15:42:28
681,Otcom,138.140.103.164,1592,Offline,2018-02-21 09:23:30
682,Konklux,21.49.63.240,6362,Offline,2018-01-09 04:51:05
683,Alphazap,86.58.114.153,23124,Restarting,2017-08-22 01:27:10
684,Lotstring,74.98.198.162,12191,Offline,2017-12-03 03:23:38
685,Treeflex,95.76.95.74,12832,Restarting,
686,Fix San,34.49.61.8,3066,Restarting,2017-11-08 22:33:50
687,Konklab,102.2.145.3,,Online,2017-06-23 17:43:00
688,Lotstring,29.6.139.62,10744,Offline,
689,Hatity,180.67.52.235,9497,Offline,2017-10-02 18:49:50
690,Y-find,132.112.74.66,3847,Online,2017-08-06 08:48:37
691,Cardguard,12.39.3.142,20077,Online,2017-05-06 23:13:41
692,Solarbreeze,127.232.243.125,4813,Online,2018-01-29 12:14:44
693,Konklux,26.226.29.64,19022,Restarting,2017-05-07 02:13:57
694,Sub-Ex,154.142.238.35,10956,Offline,2017-12-04 23:03:38
695,Toughjoyfax,101.118.38.48,2465,Online,2017-09-24 18:51:24
696,Gembucket,171.125.228.46,,Offline,2017-07-06 19:59:50
697,Ventosanzap,112.202.147.132,4177,Online,2017-02-18 13:44:02
698,Fix San,191.119.13.246,23111,Offline,2017-03-24 07:18:09
699,Sonair,68.63.142.60,23230,Online,2017-06-03 00:18:43
700,Duobam,20.143.241.90,8831,Offline,2017-07-30 00:33:09
701,Namfix,192.80.9.151,15350,Restarting,2017-04-02 06:53:07
702,Voyatouch,35.208.86.188,11642,Offline,2017-08-21 23:46:00
703,Otcom,109.106.16.127,15813,Offline,2017-08-10 23:31:30
704,Ventosanzap,126.153.113.8,13691,Online,
705,Andalax,136.56.134.205,5998,Online,2017-10-23 05:03:23
706,Opela,206.240.194.52,13128,Restarting,
707,Namfix,47.197.208.17,17340,Restarting,2017-04-07 06:12:01
708,Opela,155.136.172.168,3067,Offline,2017-08-30 10:18:16
709,Home Ing,131.141.164.38,6505,Restarting,2017-11-28 19:17:44
710,Subin,195.82.139.39,14004,Offline,2017-08-02 05:02:28
711,Home Ing,237.59.15.239,5388,Restarting,2017-04-25 01:13:12
712,Job,28.32.232.135,8207,Offline,2017-07-13 02:28:51
713,Redhold,109.39.126.109,18309,Restarting,2018-01-11 13:53:54
714,Alpha,126.184.16.76,16721,Online,2018-01-18 23:55:39
715,Overhold,247.96.20.170,18999,Restarting,2018-02-13 21:12:08
716,Bitwolf,139.185.133.171,20658,Online,2017-12-15 01:42:30
717,Home Ing,69.42.111.33,784,Offline,2017-08-22 13:08:57
718,Zontrax,30.53.222.246,,Restarting,2017-08-12 21:28:05
719,Flowdesk,177.215.84.32,17608,Restarting,2017-03-13 03:53:00
720,Otcom,26.26.132.146,,Online,2018-02-24 15:33:14
721,Otcom,197.208.120.185,20240,Restarting,2017-11-06 20:33:16
722,Daltfresh,52.128.21.22,,Offline,2017-12-07 10:06:17
723,Tin,36.76.127.214,112,Online,2017-06-20 06:10:38
724,Sub-Ex,5.185.89.2,16467,Online,2017-06-21 09:13:50
725,Otcom,112.53.119.125,3510,Offline,2018-01-20 12:57:02
726,Zontrax,8.223.150.44,7777,Offline,2017-06-17 15:45:43
727,Tin,188.120.150.124,20683,Restarting,2017-10-01 02:45:33
728,Cookley,76.111.232.213,5679,Restarting,2017-03-20 03:55:12
729,Toughjoyfax,149.215.234.60,20215,Offline,2017-07-03 10:28:56
730,Lotstring,217.181.35.240,6668,Restarting,2017-08-13 03:22:07
731,Bytecard,150.129.137.2,15845,Offline,
732,Zathin,184.162.69.127,16654,Restarting,2017-08-13 14:40:15
733,Biodex,201.109.211.144,9598,Online,2017-09-04 17:37:51
734,Andalax,118.139.3.34,16441,Offline,2017-12-23 17:46:48
735,Zathin,41.218.166.187,20111,Offline,2017-05-15 00:07:58
736,Lotstring,63.213.3.27,15631,Restarting,
737,Namfix,166.100.194.14,2037,Restarting,2017-10-05 03:04:30
738,Alpha,130.254.185.125,,Restarting,2017-04-23 09:49:50
739,Cookley,42.249.164.33,2349,Online,2017-06-09 15:35:03
740,Quo Lux,60.139.185.67,,Offline,2017-05-31 06:10:22
741,Fintone,121.97.31.2,23868,Offline,2017-04-25 10:08:40
742,Temp,20.35.31.40,14600,Online,2018-02-05 06:50:29
743,Wrapsafe,51.66.152.236,520,Online,2017-04-01 20:58:40
744,Fixflex,205.224.64.91,488,Online,2018-02-12 16:11:58
745,Hatity,152.30.181.230,19738,Restarting,2017-12-09 03:20:06
746,Zoolab,218.115.67.127,10185,Online,2017-04-19 19:17:37
747,Alpha,46.166.204.201,6314,Online,
748,Bitchip,241.110.134.65,6237,Restarting,2017-11-07 05:58:16
749,Latlux,82.52.254.62,11671,Offline,2017-11-08 12:55:52
750,Cardguard,4.61.102.135,4209,Offline,
751,Bytecard,106.233.98.26,15859,Online,2018-02-18 08:56:53
752,Keylex,118.73.170.97,11885,Offline,2017-07-10 21:08:44
753,Greenlam,55.43.212.17,8413,Online,2017-08-22 13:42:03
754,Fintone,211.70.172.72,8271,Online,
755,Stim,55.169.92.158,8503,Restarting,2017-04-02 00:33:28
756,Treeflex,200.251.113.208,,Offline,2017-05-07 14:41:59
757,Zontrax,192.109.164.68,5044,Offline,
758,Rank,190.22.164.141,18043,Online,2017-11-27 02:35:19
759,Duobam,0.186.0.85,1479,Restarting,2018-01-08 01:59:56
760,Keylex,1.60.21.64,21297,Offline,2018-01-28 14:53:27
761,Ronstring,45.14.51.157,299,Offline,2017-11-07 02:11:04
762,Zathin,172.4.134.178,5418,Online,2018-01-13 01:34:17
763,Duobam,108.99.110.107,6504,Restarting,2017-03-14 18:23:25
764,Zamit,68.116.167.101,19399,Online,2017-04-28 21:31:33
765,Asoka,176.195.102.38,23995,Restarting,2017-07-20 15:38:59
766,Voltsillam,5.212.111.80,2218,Restarting,2017-07-31 03:16:41
767,Voltsillam,214.221.229.97,,Online,2017-10-25 02:44:38
768,Otcom,153.189.63.226,7105,Restarting,2017-10-11 14:43:49
769,Kanlam,184.153.234.220,3160,Restarting,2017-10-28 21:48:59
770,Andalax,24.93.204.63,13022,Online,2017-03-02 01:30:09
771,Rank,44.128.30.54,5871,Restarting,2017-06-05 12:58:23
772,Cardguard,218.75.220.1,4126,Online,2017-07-01 22:09:13
773,Matsoft,237.102.98.59,13424,Offline,2017-03-17 13:24:10
774,Treeflex,9.7.102.192,20835,Offline,2018-02-11 09:46:19
775,Zontrax,41.245.231.12,11601,Restarting,2017-12-07 23:58:45
776,Mat Lam Tam,212.216.79.21,2958,Online,2017-04-10 15:00:07
777,Sub-Ex,161.22.220.153,,Offline,2018-02-20 11:42:49
778,Ronstring,139.150.45.8,21308,Online,2017-06-10 01:37:44
779,Ronstring,133.120.60.167,1845,Restarting,2018-02-11 04:08:25
780,Tempsoft,40.96.61.197,6599,Offline,2017-02-18 18:52:11
781,Flowdesk,87.0.85.241,9146,Offline,2017-08-19 07:42:05
782,Overhold,247.128.30.45,5051,Offline,2018-01-12 13:06:02
783,Biodex,44.216.38.251,2958,Offline,2017-10-20 07:45:29
784,Cookley,211.0.217.220,10501,Online,2017-08-17 03:53:08
785,Bamity,242.80.75.195,,Offline,2017-06-14 13:13:42
786,Job,180.159.175.97,2939,Online,2017-07-27 18:41:12
787,Flexidy,48.139.191.253,23955,Restarting,2017-06-20 06:26:48
788,Kanlam,157.77.45.32,13001,Online,2017-05-25 12:05:09
789,Treeflex,255.243.222.247,14813,Offline,
790,Toughjoyfax,111.177.38.1,18688,Offline,
791,Holdlamis,211.45.170.36,11167,Restarting,2017-09-01 15:29:29
792,Tempsoft,73.169.42.218,15532,Restarting,2017-04-20 04:51:35
793,Tin,5.99.133.86,7076,Restarting,2018-02-19 19:41:15
794,Tres-Zap,130.24.189.100,9696,Restarting,2017-10-14 19:03:06
795,Konklab,158.146.60.94,19148,Restarting,2017-12-12 20:29:48
796,Sonsing,145.146.110.49,1685,Online,2017-10-30 12:22:52
797,Stronghold,206.154.208.68,,Restarting,2017-10-30 09:14:19
798,Vagram,7.159.187.19,10904,Online,2017-10-11 13:38:41
799,Prodder,120.56.0.136,16517,Restarting,2017-04-28 16:05:03
800,Subin,77.108.32.99,15854,Online,2017-07-20 06:10:47
801,Viva,235.116.153.149,4074,Offline,
802,Konklux,183.9.85.34,,Online,2017-10-07 18:11:33
803,Bigtax,95.189.67.156,19243,Restarting,2017-08-13 11:02:58
804,Asoka,199.203.162.6,1221,Online,
805,Greenlam,155.149.59.159,46,Restarting,2017-06-15 17:40:02
806,Viva,86.216.52.186,5057,Online,2017-09-01 08:26:44
807,Konklab,164.4.25.1,8985,Restarting,2017-12-05 23:53:32
808,Cardguard,255.239.108.33,,Restarting,2017-11-01 18:53:53
809,Greenlam,200.23.26.22,18323,Restarting,2017-10-18 09:58:23
810,Vagram,116.102.150.243,22421,Restarting,2017-06-21 08:34:46
811,Regrant,199.5.178.170,5655,Online,2017-05-10 01:13:16
812,Subin,37.4.195.5,6746,Restarting,2018-02-22 21:59:40
813,Alphazap,237.183.23.146,589,Offline,
814,Veribet,229.235.7.186,5202,Restarting,2017-05-07 10:05:14
815,Trippledex,103.104.183.16,19862,Online,2017-10-01 02:55:16
816,Asoka,56.80.33.129,,Restarting,2017-08-12 10:38:48
817,Holdlamis,200.152.177.156,12560,Online,2017-11-28 11:17:41
818,Flexidy,182.138.9.38,6767,Offline,2017-03-18 04:32:54
819,Y-find,5.120.167.142,8080,Restarting,2017-12-28 02:38:12
820,Tempsoft,21.91.95.104,3751,Online,2017-05-29 20:02:38
821,It,11.125.109.17,19983,Offline,2017-07-10 23:00:30
822,Keylex,182.168.205.82,11353,Restarting,2017-06-29 06:07:36
823,Stringtough,183.89.229.253,2139,Online,2017-09-13 16:51:48
824,Opela,139.46.217.149,9134,Online,2018-01-31 00:44:41
825,Voltsillam,72.57.37.6,2295,Offline,2017-08-15 11:22:34
826,Job,166.100.22.167,10263,Online,
827,Vagram,8.75.18.63,19135,Restarting,2017-10-28 19:11:40
828,Overhold,177.148.6.98,3206,Online,2017-12-13 20:22:21
829,Konklux,59.67.178.70,11641,Online,2017-08-08 23:12:11
830,Veribet,12.76.80.235,5167,Offline,2017-10-24 06:33:50
831,Solarbreeze,136.162.2.124,13499,Restarting,2017-07-18 04:31:19
832,Alphazap,117.244.145.178,,Restarting,
833,Bitchip,202.15.152.89,12750,Online,2017-12-30 20:10:43
834,Job,41.76.10.244,11917,Offline,2017-04-10 13:31:04
835,Bamity,90.5.246.164,1822,Online,2017-10-06 18:05:23
836,Job,85.243.49.46,18531,Offline,
837,Kanlam,80.60.129.163,5053,Online,2017-09-29 08:10:56
838,Flowdesk,251.114.228.134,16341,Restarting,2017-02-18 09:34:53
839,Quo Lux,44.193.219.204,14898,Offline,2018-01-31 09:25:44
840,Alphazap,113.126.98.215,5655,Online,2018-02-23 21:53:45
841,Tresom,165.142.85.128,1596,Offline,
842,Bitchip,250.35.222.192,12361,Online,2017-05-01 23:19:48
843,Pannier,175.209.10.208,6843,Offline,2017-06-01 13:01:20
844,Konklab,145.194.181.128,13301,Online,2017-10-21 20:18:36
845,Tempsoft,40.175.147.102,11835,Offline,2017-04-08 21:48:58
846,Stim,215.7.99.88,606,Online,2017-04-16 03:56:15
847,Cardify,115.66.126.115,21699,Offline,2017-11-05 06:55:59
848,Asoka,148.115.185.108,13650,Offline,2017-12-07 13:15:44
849,Daltfresh,84.158.63.91,21336,Offline,2017-05-25 09:23:43
850,Alpha,54.115.90.115,23613,Restarting,2017-11-08 01:17:03
851,Zoolab,95.181.91.108,17637,Online,2017-03-09 15:39:25
852,Zamit,73.222.172.112,64,Offline,
853,Otcom,244.226.50.125,4564,Online,2017-08-02 08:09:31
854,Biodex,200.25.251.190,,Online,2017-09-27 17:31:09
855,Holdlamis,25.113.173.113,69,Offline,2017-03-09 06:21:23
856,Zaam-Dox,96.113.205.251,3459,Restarting,2017-04-27 21:34:49
857,Sonair,237.48.25.124,22710,Online,2017-02-17 03:35:30
858,Aerified,232.15.243.235,17454,Offline,2018-01-21 01:35:45
859,Kanlam,191.137.169.183,4405,Offline,2017-08-18 01:28:44
860,It,31.132.182.253,1011,Offline,2017-04-28 08:53:30
861,Biodex,71.182.101.117,8648,Offline,2017-12-09 01:56:57
862,Subin,191.112.147.222,4864,Restarting,2017-03-23 07:28:37
863,Trippledex,0.30.194.106,18114,Offline,
864,Stim,152.244.114.246,22807,Restarting,2017-12-15 13:19:14
865,Fintone,121.235.225.154,,Restarting,2018-02-12 21:48:39
866,Bitwolf,192.167.54.82,4747,Offline,2018-02-11 23:39:16
867,Otcom,130.28.153.197,10641,Offline,2017-04-11 19:51:47
868,Zaam-Dox,46.93.201.240,21751,Restarting,2017-10-29 01:36:48
869,Zathin,9.89.81.220,22320,Restarting,2017-06-17 15:20:01
870,Solarbreeze,57.37.24.159,20782,Restarting,2018-02-10 05:09:25
871,Tampflex,97.95.227.183,,Online,2017-03-28 06:34:16
872,Cardify,134.57.128.70,8873,Online,
873,Duobam,190.87.15.224,10078,Online,
874,Fix San,35.35.54.108,3370,Restarting,2017-11-19 07:03:56
875,Bigtax,68.166.42.251,752,Online,2017-06-20 08:49:55
876,Lotlux,11.150.252.166,,Restarting,
877,Cookley,232.147.225.151,20914,Online,2017-11-10 04:47:07
878,Wrapsafe,98.84.199.220,5584,Offline,2017-04-18 11:37:58
879,Zontrax,160.77.12.165,21750,Online,2017-11-08 19:00:39
880,Viva,27.106.107.161,10535,Online,2017-12-23 20:48:30
881,Cardguard,229.27.109.164,,Offline,2017-03-30 10:01:02
882,Stringtough,35.9.252.101,22014,Restarting,2017-06-02 15:38:23
883,Sonsing,161.230.224.170,6614,Offline,2017-11-05 22:44:04
884,Konklab,226.30.29.94,7821,Offline,
885,Latlux,127.15.91.203,13074,Online,2017-09-23 07:40:01
886,Hatity,14.144.229.31,15952,Restarting,2017-09-30 10:04:46
887,Andalax,119.174.198.116,12855,Offline,2017-07-15 13:29:38
888,Tempsoft,228.96.141.3,18017,Online,
889,Gembucket,174.183.170.130,3621,Offline,
890,Mat Lam Tam,30.79.15.165,1376,Online,2017-05-29 22:37:56
891,Lotstring,65.253.26.19,8464,Restarting,
892,Home Ing,140.237.54.110,5155,Restarting,2017-06-10 20:11:31
893,Viva,13.184.235.125,14296,Online,2017-02-28 19:47:47
894,Tempsoft,97.223.193.53,12748,Offline,
895,Ventosanzap,71.223.127.71,6878,Restarting,
896,Zaam-Dox,193.173.248.160,4493,Online,2017-11-21 00:21:30
897,Duobam,227.22.157.147,18576,Offline,
898,Mat Lam Tam,253.76.69.140,17431,Restarting,2017-12-12 23:33:37
899,Stim,169.238.113.82,4101,Online,2017-08-22 08:07:36
900,Prodder,150.65.144.98,,Offline,
901,Bamity,69.70.225.106,2320,Offline,2017-06-06 05:50:43
902,Sonsing,33.94.237.224,14419,Offline,2017-08-11 16:08:10
903,Bitwolf,138.84.168.195,17603,Offline,2017-09-12 08:01:46
904,Voyatouch,109.233.44.116,3963,Online,
905,Stronghold,57.25.3.120,21943,Offline,2018-01-25 17:30:55
906,Bitwolf,73.95.233.140,2218,Online,2017-07-11 21:50:04
907,Zoolab,56.115.180.38,12753,Restarting,2018-01-12 08:54:18
908,Alphazap,176.77.43.127,19721,Restarting,2017-09-26 15:29:50
909,Fintone,95.251.199.168,3873,Online,2017-10-29 08:57:42
910,Trippledex,184.68.0.201,966,Online,2017-11-23 04:49:44
911,Zontrax,26.151.183.128,9939,Restarting,2017-11-26 07:27:17
912,Home Ing,195.160.233.144,19434,Restarting,2017-11-05 17:15:06
913,Asoka,106.113.237.125,4461,Restarting,2018-02-24 06:51:10
914,Bitwolf,154.112.74.81,18652,Offline,2017-03-06 05:13:51
915,Rank,78.163.204.84,19518,Online,2017-05-28 21:38:11
916,Konklab,45.134.200.213,,Online,2017-05-04 10:13:37
917,Ronstring,36.169.36.255,6306,Offline,2017-04-15 11:09:35
918,Flexidy,11.199.213.11,11139,Online,2017-12-06 09:24:44
919,Bytecard,221.148.203.56,17639,Offline,
920,Matsoft,32.8.38.69,1914,Offline,2017-05-06 08:08:47
921,Bitwolf,45.248.118.32,1642,Restarting,2017-03-01 11:16:43
922,Voyatouch,57.238.30.40,8658,Offline,
923,Duobam,105.43.83.198,12247,Offline,
924,Tres-Zap,7.23.148.249,8464,Restarting,2017-04-12 16:54:02
925,Flowdesk,3.225.27.101,900,Online,2017-04-18 06:09:18
926,Bamity,65.247.54.50,12732,Online,2017-10-08 10:26:57
927,Pannier,74.218.71.161,16840,Restarting,2017-07-02 16:48:49
928,Sonsing,237.253.233.123,9050,Online,2017-08-14 00:36:42
929,Redhold,249.12.98.181,20716,Restarting,2017-02-25 13:52:01
930,Subin,216.19.211.120,12656,Online,2017-11-01 10:09:20
931,Stringtough,34.155.37.196,16044,Online,2017-06-17 00:52:11
932,Lotstring,193.56.161.218,10793,Restarting,2017-07-19 09:02:49
933,Greenlam,65.50.164.126,,Offline,2017-07-16 00:22:11
934,Duobam,75.132.205.178,8819,Restarting,2017-10-13 20:21:58
935,Asoka,166.53.5.141,2475,Restarting,2018-01-25 05:50:54
936,Voyatouch,78.37.108.66,15751,Offline,2017-10-20 10:23:17
937,Latlux,215.71.65.89,23945,Online,2017-05-27 12:12:43
938,Opela,186.241.124.148,16521,Online,2017-05-25 04:03:09
939,Stringtough,144.99.2.84,20237,Offline,2018-01-28 22:38:52
940,Trippledex,38.137.198.120,17729,Restarting,2017-12-31 14:52:06
941,Treeflex,86.237.66.111,6120,Restarting,
942,Alpha,74.153.185.65,2621,Online,2018-01-12 21:50:49
943,Tempsoft,135.96.16.25,12822,Offline,2017-04-23 08:00:35
944,Asoka,111.148.67.178,23348,Online,2017-05-08 10:35:36
945,Gembucket,0.241.8.245,6799,Restarting,2017-03-31 10:31:58
946,Voyatouch,36.53.120.133,17972,Restarting,2017-06-26 12:40:06
947,Mat Lam Tam,140.171.74.84,2042,Restarting,2017-05-08 22:12:01
948,Tres-Zap,65.37.6.56,2245,Restarting,2018-01-19 23:12:46
949,Ventosanzap,226.47.88.229,6705,Online,2017-12-26 04:09:21
950,Mat Lam Tam,87.116.121.115,14702,Restarting,2017-03-05 11:02:00
951,Cardguard,182.215.88.109,8261,Offline,2017-04-12 03:44:57
952,Solarbreeze,29.11.116.206,4922,Restarting,2017-08-06 17:13:48
953,Opela,63.240.41.55,11810,Offline,2017-03-01 17:57:07
954,Redhold,70.16.156.171,7698,Restarting,2018-01-30 11:12:29
955,Kanlam,223.226.153.226,15842,Restarting,2017-12-24 18:56:41
956,Zoolab,81.109.77.144,10871,Restarting,2017-02-27 03:49:53
957,Gembucket,122.7.200.96,14433,Offline,2017-08-04 17:49:34
958,Zoolab,3.81.108.169,16601,Offline,2017-10-28 18:54:19
959,Domainer,181.81.219.39,11498,Online,2017-05-23 05:21:17
960,Namfix,32.30.128.148,8922,Online,2017-07-06 00:11:42
961,Bytecard,192.209.135.169,21235,Offline,2017-03-05 22:59:51
962,Zoolab,69.178.155.107,13854,Online,2017-06-22 02:14:46
963,Transcof,180.43.253.123,15568,Online,2018-01-21 07:47:44
964,Konklux,42.140.122.104,3027,Offline,
965,Vagram,92.2.220.251,22912,Offline,2017-05-04 09:27:14
966,Prodder,0.35.242.38,,Online,2017-11-16 01:41:37
967,Sub-Ex,76.60.220.147,4686,Online,2017-03-30 10:38:46
968,Cookley,204.238.248.222,,Online,2017-05-27 20:45:00
969,Opela,2.38.36.192,,Online,2017-07-18 10:04:17
970,Bytecard,112.221.6.37,5996,Restarting,2017-09-29 20:52:55
971,Job,165.18.49.14,2043,Online,2017-05-07 10:45:03
972,Prodder,250.105.141.215,12646,Offline,
973,Gembucket,204.12.81.111,20027,Restarting,2017-07-28 20:36:24
974,Flexidy,178.5.35.18,,Offline,2017-12-24 21:43:31
975,Daltfresh,27.235.4.6,20780,Offline,2017-07-06 18:33:53
976,Greenlam,246.196.20.74,946,Restarting,
977,Hatity,111.99.230.230,21704,Online,
978,Quo Lux,26.215.42.158,16132,Online,2017-02-18 10:29:59
979,Span,200.12.96.49,4021,Online,2017-12-19 08:18:03
980,Biodex,103.76.98.17,5971,Offline,2017-10-03 03:04:16
981,Trippledex,253.115.13.251,21062,Online,
982,Alphazap,156.236.30.128,16952,Restarting,2017-11-30 14:51:19
983,Job,231.80.21.163,2667,Online,2018-01-01 06:57:56
984,Hatity,213.244.198.138,13309,Online,2017-07-30 05:59:02
985,Cardify,3.10.191.55,19709,Online,2017-06-29 14:27:32
986,Stim,65.192.223.198,9677,Offline,
987,Andalax,61.173.30.101,3907,Restarting,
988,Zamit,104.232.53.58,8989,Restarting,2017-08-03 04:45:30
989,Regrant,143.230.122.124,6239,Restarting,2017-08-30 14:06:01
990,Overhold,83.208.18.206,23980,Offline,2017-09-25 07:16:51
991,Overhold,105.222.237.211,2658,Restarting,
992,Quo Lux,146.226.235.60,12904,Online,2017-12-13 23:16:28
993,Treeflex,48.100.192.12,,Restarting,2017-10-10 20:48:38
994,Bytecard,17.102.176.120,,Online,
995,Aerified,195.208.223.62,17010,Online,
996,Flexidy,181.237.245.185,8170,Restarting,2017-06-23 01:16:40
997,Job,41.211.139.98,12687,Online,
998,Regrant,115.229.87.199,10674,Restarting,2017-11-26 01:41:59
999,Cookley,151.143.88.53,5591,Offline,2018-01-30 13:35:55
1000,Andalax,195.52.158.203,22240,Restarting,2017-08-22 21:10:20
